"enter name here";"enter email";"enter phone NO";"enter comments here							"
"enter name here";"enter email";"enter phone NO";"enter comments here"
"12";"asa";"ddd";"sdsd"
"enter name here";"enter email";"enter phone NO";"enter comments here"
"enter name here";"enter email";"enter phone NO";"enter comments here"
"enter name here";"enter email";"enter phone NO";"enter comments here"
"enter name here";"enter email";"918318524046";"enter comments herassas

3333333"
"enter name here";"enter email";"enter phone NO";"enter comments here"
"enter name here";"enter email";"enter phone NO";"enter comments here"
"enter name here";"enter email";"enter phone NO";"enter comments here"
"";"enter email";"enter phone NO";"enter comments here"
"";"";"";""
"";"";"";""
"";"";"";""
"";"";"";""
"";"";"";""
"";"";"";""
